3ds,bravely second end layer,nintendo
3ds, starfox 64 3d,nintendo
3ds,kirby: planet robot,nintendo
3ds,shante and the pirate's curse,way forward technology
3ds,fire emblem awakening,nintendo
3ds,bravely default,nintendo
3ds,animal crossing: new leaf,nintendo
3ds,the legend of zelda: majora's mask,nintendo
3ds,metroid: samus returns,nintendo
3ds,pokemon x,the pokemon company
3ds,pokemon y,the pokemon company
3ds,pokemon omega ruby,the pokemon company
3ds,pokemon alpha sapphire,the pokemon company
3ds,pokemon ultra sun,the pokemon company
3ds,pokemon sun,the pokemon company
3ds,super mario 3d land,nintendo
3ds,xenoblade chronicles 3d,nintendo
3ds,donkey kong country returns 3d,nintendo
