ps4,alien isolation,sega
ps4,assasin's creed origins,ubisoft
ps4,batman arkham knight,warner bros. interactive entertainment
ps4,bloodborne,sony computer entertainment
ps4,days gone,sony interactive entertainment
ps4,death stranding,sony interactive entertainment
ps4,deus ex mankind divided, square enix
ps4,destiny, activision
ps4,destiny 2, activision
ps4,diablo 3 ultimate evil edition, blizzard entertainment
ps4,dishonored 2 limited edition, bethesda softworks
ps4,dishonored death of the outsider, bethesda softworks
ps4,doom, bethesda softworks
ps4,dragon age inquisition, electronic arts
ps4,fallout 4, bethesda softworks
ps4,farcry 5, ubusoft
ps4,final fantasy vii remake, quare enix
ps4,final fantasy x/x-2 hd remaster, square enix
ps4,final fantasy xii the zodiac age, square enix
ps4,final fantasy xv, square enix
ps4,god of war, sony interactive entertainment
ps4,gravity rush 2, sony interactive entertainment
ps4,horizon zero dawn,sony
ps4,killzone shadowfall,sony
ps4,the last guardian,sony
ps4,mass effect andromeda,sony
ps4,metal gear solid v the phantom pain,sony
ps4,nier: automata,sony
ps4,nioh,sony
ps4,no man's sky,sony
ps4,the order: 1886,sony
ps4,overwatch origins edition,sony
ps4,prey,sony
ps4,ratchet & clank,sony
ps4,resident evil vii,sony
ps4,spider-man,sony
ps4,shadow of the colossus,sony
ps4,tales of berseria,sony
ps4,titanfall 2,sony
ps4,tom clancy's ghost recon wildlands,sony
ps4,thief,sony
ps4,uncharted 4 a thiefs end,sony
ps4,uncharted the lost legacy,sony
ps4,the witcher 3: wild hunt,sony
ps4,wolfenstein ii the new colossus,sony
ps4,playstation vr demo disc 3,sony